chr1H;72387;72387;coding;Horvu_BARKE_1H01G000100
chr1H;103109;103109;coding;Horvu_BARKE_1H01G000200
chr1H;103118;103118;coding;Horvu_BARKE_1H01G000200
chr1H;104863;104863;coding;Horvu_BARKE_1H01G000300
chr1H;105723;105723;coding;Horvu_BARKE_1H01G000300
chr1H;105742;105742;coding;Horvu_BARKE_1H01G000300
chr1H;105744;105744;coding;Horvu_BARKE_1H01G000300
chr1H;106615;106615;coding;Horvu_BARKE_1H01G000300
chr1H;106747;106747;coding;Horvu_BARKE_1H01G000300
chr1H;107662;107662;coding;Horvu_BARKE_1H01G000300
chr1H;107790;107790;coding;Horvu_BARKE_1H01G000300
chr1H;107792;107792;coding;Horvu_BARKE_1H01G000300
chr1H;111058;111058;coding;Horvu_BARKE_1H01G000400
chr1H;166516;166516;coding;Horvu_BARKE_1H01G000500
chr1H;167723;167723;coding;Horvu_BARKE_1H01G000500
chr1H;167795;167795;coding;Horvu_BARKE_1H01G000500
chr1H;168135;168135;coding;Horvu_BARKE_1H01G000500
chr1H;168873;168873;coding;Horvu_BARKE_1H01G000500
chr1H;186410;186410;coding;Horvu_BARKE_1H01G000700
chr1H;191661;191661;coding;Horvu_BARKE_1H01G000800
chr1H;191681;191681;coding;Horvu_BARKE_1H01G000800
chr1H;191683;191683;coding;Horvu_BARKE_1H01G000800
chr1H;191713;191713;coding;Horvu_BARKE_1H01G000800
chr1H;191719;191719;coding;Horvu_BARKE_1H01G000800
chr1H;194404;194404;coding;Horvu_BARKE_1H01G000900
chr1H;194972;194972;coding;Horvu_BARKE_1H01G000900
chr1H;206434;206434;coding;Horvu_BARKE_1H01G001000
chr1H;206491;206491;coding;Horvu_BARKE_1H01G001000
chr1H;206862;206862;coding;Horvu_BARKE_1H01G001000
chr1H;207964;207964;coding;Horvu_BARKE_1H01G001000
chr1H;207976;207976;coding;Horvu_BARKE_1H01G001000
chr1H;208166;208166;coding;Horvu_BARKE_1H01G001000
chr1H;208337;208337;coding;Horvu_BARKE_1H01G001000
chr1H;208346;208346;coding;Horvu_BARKE_1H01G001000
chr1H;208349;208349;coding;Horvu_BARKE_1H01G001000
chr1H;209161;209161;coding;Horvu_BARKE_1H01G001000
chr1H;209245;209245;coding;Horvu_BARKE_1H01G001000
chr1H;209284;209284;coding;Horvu_BARKE_1H01G001000
chr1H;209293;209293;coding;Horvu_BARKE_1H01G001000
chr1H;209840;209840;coding;Horvu_BARKE_1H01G001000
chr1H;209872;209872;coding;Horvu_BARKE_1H01G001000
chr1H;210061;210061;coding;Horvu_BARKE_1H01G001000
chr1H;210792;210792;coding;Horvu_BARKE_1H01G001000
chr1H;386531;386531;coding;Horvu_BARKE_1H01G001300
chr1H;386685;386685;coding;Horvu_BARKE_1H01G001300
chr1H;393927;393927;coding;Horvu_BARKE_1H01G001300
chr1H;393935;393935;coding;Horvu_BARKE_1H01G001300
chr1H;407157;407157;coding;Horvu_BARKE_1H01G001400
chr1H;408721;408721;coding;Horvu_BARKE_1H01G001400
chr1H;409655;409655;coding;Horvu_BARKE_1H01G001400
chr1H;409733;409733;coding;Horvu_BARKE_1H01G001400
chr1H;409751;409751;coding;Horvu_BARKE_1H01G001400
chr1H;711858;711858;coding;Horvu_BARKE_1H01G002400
chr1H;711912;711912;coding;Horvu_BARKE_1H01G002400
chr1H;711931;711931;coding;Horvu_BARKE_1H01G002400
chr1H;711952;711952;coding;Horvu_BARKE_1H01G002400
chr1H;712038;712041;coding;Horvu_BARKE_1H01G002400
chr1H;712077;712078;coding;Horvu_BARKE_1H01G002400
chr1H;712130;712130;coding;Horvu_BARKE_1H01G002400
chr1H;712212;712212;coding;Horvu_BARKE_1H01G002400
chr1H;712302;712302;coding;Horvu_BARKE_1H01G002400
chr1H;712315;712315;coding;Horvu_BARKE_1H01G002400
chr1H;712317;712317;coding;Horvu_BARKE_1H01G002400
chr1H;712340;712340;coding;Horvu_BARKE_1H01G002400
chr1H;712681;712681;coding;Horvu_BARKE_1H01G002400
chr1H;712709;712709;coding;Horvu_BARKE_1H01G002400
chr1H;712714;712714;coding;Horvu_BARKE_1H01G002400
chr1H;712717;712718;coding;Horvu_BARKE_1H01G002400
chr1H;712764;712764;coding;Horvu_BARKE_1H01G002400
chr1H;712889;712891;coding;Horvu_BARKE_1H01G002400
chr1H;712924;712924;coding;Horvu_BARKE_1H01G002400
chr1H;713091;713091;coding;Horvu_BARKE_1H01G002400
chr1H;713102;713102;coding;Horvu_BARKE_1H01G002400
chr1H;713106;713106;coding;Horvu_BARKE_1H01G002400
chr1H;813890;813890;coding;Horvu_BARKE_1H01G002700
chr1H;1234242;1234242;coding;Horvu_BARKE_1H01G003200
chr1H;1234248;1234248;coding;Horvu_BARKE_1H01G003200
chr1H;1234434;1234434;coding;Horvu_BARKE_1H01G003200
chr1H;1234448;1234448;coding;Horvu_BARKE_1H01G003200
chr1H;1234454;1234454;coding;Horvu_BARKE_1H01G003200
chr1H;1234481;1234481;coding;Horvu_BARKE_1H01G003200
chr1H;1234496;1234496;coding;Horvu_BARKE_1H01G003200
chr1H;1234500;1234500;coding;Horvu_BARKE_1H01G003200
chr1H;1234520;1234520;coding;Horvu_BARKE_1H01G003200
chr1H;1234522;1234522;coding;Horvu_BARKE_1H01G003200
chr1H;1234525;1234525;coding;Horvu_BARKE_1H01G003200
chr1H;1234529;1234529;coding;Horvu_BARKE_1H01G003200
chr1H;1234546;1234546;coding;Horvu_BARKE_1H01G003200
chr1H;1234610;1234610;coding;Horvu_BARKE_1H01G003200
chr1H;1234629;1234629;coding;Horvu_BARKE_1H01G003200
chr1H;1582783;1582783;coding;Horvu_BARKE_1H01G004000
chr1H;1582787;1582787;coding;Horvu_BARKE_1H01G004000
chr1H;1582839;1582839;coding;Horvu_BARKE_1H01G004000
chr1H;1582942;1582942;coding;Horvu_BARKE_1H01G004000
chr1H;2067709;2067709;coding;Horvu_BARKE_1H01G004400
chr1H;2067807;2067807;coding;Horvu_BARKE_1H01G004400
chr1H;2084163;2084163;coding;Horvu_BARKE_1H01G004400
chr1H;2084169;2084169;coding;Horvu_BARKE_1H01G004400
chr1H;2084191;2084191;coding;Horvu_BARKE_1H01G004400
chr1H;2084976;2084976;coding;Horvu_BARKE_1H01G004400
chr1H;2085073;2085073;coding;Horvu_BARKE_1H01G004400
chr1H;2177407;2177407;coding;Horvu_BARKE_1H01G004700
chr1H;2213381;2213381;coding;Horvu_BARKE_1H01G005000
chr1H;2214581;2214581;coding;Horvu_BARKE_1H01G005000
chr1H;2225002;2225002;coding;Horvu_BARKE_1H01G005100
chr1H;2256692;2256692;coding;Horvu_BARKE_1H01G005200
chr1H;2280963;2280963;coding;Horvu_BARKE_1H01G005300
chr1H;2280995;2280995;coding;Horvu_BARKE_1H01G005300
chr1H;2281240;2281240;coding;Horvu_BARKE_1H01G005300
chr1H;2281858;2281858;coding;Horvu_BARKE_1H01G005300
chr1H;2281927;2281927;coding;Horvu_BARKE_1H01G005300
chr1H;2297291;2297291;coding;Horvu_BARKE_1H01G005400
chr1H;2298561;2298561;coding;Horvu_BARKE_1H01G005400
chr1H;2307992;2307992;coding;Horvu_BARKE_1H01G005500
chr1H;2309131;2309131;coding;Horvu_BARKE_1H01G005500
chr1H;2309211;2309211;coding;Horvu_BARKE_1H01G005500
chr1H;2382201;2382201;coding;Horvu_BARKE_1H01G006100
chr1H;2382213;2382213;coding;Horvu_BARKE_1H01G006100
chr1H;2382221;2382221;coding;Horvu_BARKE_1H01G006100
chr1H;2382274;2382274;coding;Horvu_BARKE_1H01G006100
chr1H;2382306;2382306;coding;Horvu_BARKE_1H01G006100
chr1H;2382318;2382318;coding;Horvu_BARKE_1H01G006100
chr1H;2382501;2382501;coding;Horvu_BARKE_1H01G006100
chr1H;2382756;2382756;coding;Horvu_BARKE_1H01G006100
chr1H;2384960;2384960;coding;Horvu_BARKE_1H01G006200
chr1H;2385274;2385274;coding;Horvu_BARKE_1H01G006200
chr1H;2385527;2385527;coding;Horvu_BARKE_1H01G006200
chr1H;2385701;2385701;coding;Horvu_BARKE_1H01G006200
chr1H;2385704;2385704;coding;Horvu_BARKE_1H01G006200
chr1H;2385722;2385722;coding;Horvu_BARKE_1H01G006200
chr1H;2386914;2386914;coding;Horvu_BARKE_1H01G006200
chr1H;2398345;2398345;coding;Horvu_BARKE_1H01G006300
chr1H;2399751;2399751;coding;Horvu_BARKE_1H01G006300
chr1H;2400160;2400160;coding;Horvu_BARKE_1H01G006300
chr1H;2402790;2402791;coding;Horvu_BARKE_1H01G006300
chr1H;2418100;2418100;coding;Horvu_BARKE_1H01G006400
chr1H;2418280;2418280;coding;Horvu_BARKE_1H01G006400
chr1H;2418367;2418367;coding;Horvu_BARKE_1H01G006400
chr1H;2418497;2418497;coding;Horvu_BARKE_1H01G006400
chr1H;2418608;2418608;coding;Horvu_BARKE_1H01G006400
chr1H;2418617;2418617;coding;Horvu_BARKE_1H01G006400
chr1H;2418864;2418864;coding;Horvu_BARKE_1H01G006400
chr1H;2418951;2418951;coding;Horvu_BARKE_1H01G006400
chr1H;2420065;2420065;coding;Horvu_BARKE_1H01G006400
chr1H;2420087;2420087;coding;Horvu_BARKE_1H01G006400
chr1H;2470912;2470912;coding;Horvu_BARKE_1H01G006600
chr1H;2470942;2470942;coding;Horvu_BARKE_1H01G006600
chr1H;2470945;2470945;coding;Horvu_BARKE_1H01G006600
chr1H;2471281;2471281;coding;Horvu_BARKE_1H01G006600
chr1H;2471287;2471287;coding;Horvu_BARKE_1H01G006600
chr1H;2471546;2471546;coding;Horvu_BARKE_1H01G006600
chr1H;2472799;2472799;coding;Horvu_BARKE_1H01G006600
chr1H;2472817;2472817;coding;Horvu_BARKE_1H01G006600
chr1H;2475135;2475135;coding;Horvu_BARKE_1H01G006600
chr1H;2490338;2490338;coding;Horvu_BARKE_1H01G006700
chr1H;2532395;2532395;coding;Horvu_BARKE_1H01G006900
chr1H;2532702;2532702;coding;Horvu_BARKE_1H01G006900
chr1H;2532728;2532728;coding;Horvu_BARKE_1H01G006900
chr1H;2532748;2532748;coding;Horvu_BARKE_1H01G006900
chr1H;2532812;2532812;coding;Horvu_BARKE_1H01G006900
chr1H;2532841;2532841;coding;Horvu_BARKE_1H01G006900
chr1H;2532858;2532859;coding;Horvu_BARKE_1H01G006900
chr1H;2532863;2532863;coding;Horvu_BARKE_1H01G006900
chr1H;2532889;2532890;coding;Horvu_BARKE_1H01G006900
chr1H;2532900;2532900;coding;Horvu_BARKE_1H01G006900
chr1H;2532931;2532931;coding;Horvu_BARKE_1H01G006900
chr1H;2532959;2532959;coding;Horvu_BARKE_1H01G006900
chr1H;2532966;2532966;coding;Horvu_BARKE_1H01G006900
chr1H;2533126;2533126;coding;Horvu_BARKE_1H01G006900
chr1H;2533211;2533211;coding;Horvu_BARKE_1H01G006900
chr1H;2533239;2533239;coding;Horvu_BARKE_1H01G006900
chr1H;2550947;2550947;coding;Horvu_BARKE_1H01G007100
chr1H;2550960;2550960;coding;Horvu_BARKE_1H01G007100
chr1H;2550980;2550980;coding;Horvu_BARKE_1H01G007100
chr1H;2552976;2552976;coding;Horvu_BARKE_1H01G007100
chr1H;2553221;2553221;coding;Horvu_BARKE_1H01G007100
chr1H;2553273;2553273;coding;Horvu_BARKE_1H01G007100
chr1H;2553276;2553276;coding;Horvu_BARKE_1H01G007100
chr1H;2553786;2553786;coding;Horvu_BARKE_1H01G007100
chr1H;2735879;2735879;coding;Horvu_BARKE_1H01G007600
chr1H;2736052;2736052;coding;Horvu_BARKE_1H01G007600
chr1H;2872705;2872705;coding;Horvu_BARKE_1H01G007900
chr1H;2872867;2872867;coding;Horvu_BARKE_1H01G007900
chr1H;2872892;2872892;coding;Horvu_BARKE_1H01G007900
chr1H;2873041;2873041;coding;Horvu_BARKE_1H01G007900
chr1H;2898242;2898242;coding;Horvu_BARKE_1H01G008000
chr1H;2898642;2898642;coding;Horvu_BARKE_1H01G008000
chr1H;3096858;3096858;coding;Horvu_BARKE_1H01G008600
chr1H;3096871;3096871;coding;Horvu_BARKE_1H01G008600
chr1H;3096879;3096879;coding;Horvu_BARKE_1H01G008600
chr1H;3096990;3096990;coding;Horvu_BARKE_1H01G008600
chr1H;3097163;3097163;coding;Horvu_BARKE_1H01G008600
chr1H;3097209;3097209;coding;Horvu_BARKE_1H01G008600
chr1H;3097408;3097409;coding;Horvu_BARKE_1H01G008600
chr1H;3097687;3097687;coding;Horvu_BARKE_1H01G008600
chr1H;3097979;3097979;coding;Horvu_BARKE_1H01G008600
chr1H;3098271;3098271;coding;Horvu_BARKE_1H01G008600
chr1H;3098274;3098274;coding;Horvu_BARKE_1H01G008600
chr1H;3098619;3098619;coding;Horvu_BARKE_1H01G008600
chr1H;3098640;3098640;coding;Horvu_BARKE_1H01G008600
chr1H;3098683;3098683;coding;Horvu_BARKE_1H01G008600
chr1H;3098744;3098744;coding;Horvu_BARKE_1H01G008600
chr1H;3101465;3101465;coding;Horvu_BARKE_1H01G008600
chr1H;3101885;3101885;coding;Horvu_BARKE_1H01G008600
chr1H;3103004;3103004;coding;Horvu_BARKE_1H01G008600
chr1H;3133421;3133421;coding;Horvu_BARKE_1H01G008800
chr1H;3133424;3133424;coding;Horvu_BARKE_1H01G008800
chr1H;3134137;3134137;coding;Horvu_BARKE_1H01G008800
chr1H;3134259;3134259;coding;Horvu_BARKE_1H01G008800
chr1H;3134298;3134298;coding;Horvu_BARKE_1H01G008800
chr1H;3134301;3134301;coding;Horvu_BARKE_1H01G008800
chr1H;3134308;3134308;coding;Horvu_BARKE_1H01G008800
chr1H;3134498;3134498;coding;Horvu_BARKE_1H01G008800
chr1H;3134590;3134590;coding;Horvu_BARKE_1H01G008800
chr1H;3134594;3134594;coding;Horvu_BARKE_1H01G008800
chr1H;3134637;3134637;coding;Horvu_BARKE_1H01G008800
chr1H;3134639;3134639;coding;Horvu_BARKE_1H01G008800
chr1H;3134718;3134718;coding;Horvu_BARKE_1H01G008800
chr1H;3134735;3134735;coding;Horvu_BARKE_1H01G008800
chr1H;3134740;3134740;coding;Horvu_BARKE_1H01G008800
chr1H;3134749;3134749;coding;Horvu_BARKE_1H01G008800
chr1H;3134870;3134870;coding;Horvu_BARKE_1H01G008800
chr1H;3134930;3134930;coding;Horvu_BARKE_1H01G008800
chr1H;3134994;3134994;coding;Horvu_BARKE_1H01G008800
chr1H;3135033;3135033;coding;Horvu_BARKE_1H01G008800
chr1H;3135181;3135183;coding;Horvu_BARKE_1H01G008800
chr1H;3135196;3135196;coding;Horvu_BARKE_1H01G008800
chr1H;3135199;3135199;coding;Horvu_BARKE_1H01G008800
chr1H;3135483;3135483;coding;Horvu_BARKE_1H01G008800
chr1H;3135617;3135617;coding;Horvu_BARKE_1H01G008800
chr1H;3135624;3135624;coding;Horvu_BARKE_1H01G008800
chr1H;3135640;3135640;coding;Horvu_BARKE_1H01G008800
chr1H;3135661;3135661;coding;Horvu_BARKE_1H01G008800
chr1H;3135672;3135672;coding;Horvu_BARKE_1H01G008800
chr1H;3135681;3135682;coding;Horvu_BARKE_1H01G008800
chr1H;3135688;3135688;coding;Horvu_BARKE_1H01G008800
chr1H;3135742;3135742;coding;Horvu_BARKE_1H01G008800
chr1H;3135823;3135823;coding;Horvu_BARKE_1H01G008800
chr1H;3135878;3135878;coding;Horvu_BARKE_1H01G008800
chr1H;3135900;3135900;coding;Horvu_BARKE_1H01G008800
chr1H;3135919;3135919;coding;Horvu_BARKE_1H01G008800
chr1H;3135934;3135934;coding;Horvu_BARKE_1H01G008800
chr1H;3135938;3135938;coding;Horvu_BARKE_1H01G008800
chr1H;3135966;3135966;coding;Horvu_BARKE_1H01G008800
chr1H;3135997;3135997;coding;Horvu_BARKE_1H01G008800
chr1H;3136028;3136028;coding;Horvu_BARKE_1H01G008800
chr1H;3136279;3136280;coding;Horvu_BARKE_1H01G008800
chr1H;3136317;3136317;coding;Horvu_BARKE_1H01G008800
chr1H;3136325;3136325;coding;Horvu_BARKE_1H01G008800
chr1H;3136332;3136332;coding;Horvu_BARKE_1H01G008800
chr1H;3136341;3136342;coding;Horvu_BARKE_1H01G008800
chr1H;3136379;3136379;coding;Horvu_BARKE_1H01G008800
chr1H;3136407;3136407;coding;Horvu_BARKE_1H01G008800
chr1H;3136426;3136426;coding;Horvu_BARKE_1H01G008800
chr1H;3136633;3136633;coding;Horvu_BARKE_1H01G008800
chr1H;3136653;3136653;coding;Horvu_BARKE_1H01G008800
chr1H;3136677;3136678;coding;Horvu_BARKE_1H01G008800
chr1H;3136732;3136732;coding;Horvu_BARKE_1H01G008800
chr1H;3136809;3136809;coding;Horvu_BARKE_1H01G008800
chr1H;3136876;3136877;coding;Horvu_BARKE_1H01G008800
chr1H;3136881;3136881;coding;Horvu_BARKE_1H01G008800
chr1H;3136942;3136942;coding;Horvu_BARKE_1H01G008800
chr1H;3136976;3136976;coding;Horvu_BARKE_1H01G008800
chr1H;3136988;3136988;coding;Horvu_BARKE_1H01G008800
chr1H;3136990;3136990;coding;Horvu_BARKE_1H01G008800
chr1H;3136993;3136993;coding;Horvu_BARKE_1H01G008800
chr1H;3137005;3137005;coding;Horvu_BARKE_1H01G008800
chr1H;3137006;3137006;coding;Horvu_BARKE_1H01G008800
chr1H;3137018;3137018;coding;Horvu_BARKE_1H01G008800
chr1H;3137157;3137158;coding;Horvu_BARKE_1H01G008800
chr1H;3137165;3137165;coding;Horvu_BARKE_1H01G008800
chr1H;3137180;3137180;coding;Horvu_BARKE_1H01G008800
chr1H;3160738;3160738;coding;Horvu_BARKE_1H01G008900
chr1H;3160769;3160769;coding;Horvu_BARKE_1H01G008900
chr1H;3160771;3160772;coding;Horvu_BARKE_1H01G008900
chr1H;3160793;3160793;coding;Horvu_BARKE_1H01G008900
chr1H;3160797;3160797;coding;Horvu_BARKE_1H01G008900
chr1H;3160833;3160834;coding;Horvu_BARKE_1H01G008900
chr1H;3160843;3160843;coding;Horvu_BARKE_1H01G008900
chr1H;3160848;3160848;coding;Horvu_BARKE_1H01G008900
chr1H;3160867;3160867;coding;Horvu_BARKE_1H01G008900
chr1H;3160888;3160888;coding;Horvu_BARKE_1H01G008900
chr1H;3160894;3160895;coding;Horvu_BARKE_1H01G008900
chr1H;3160901;3160901;coding;Horvu_BARKE_1H01G008900
chr1H;3160907;3160907;coding;Horvu_BARKE_1H01G008900
chr1H;3160918;3160918;coding;Horvu_BARKE_1H01G008900
chr1H;3160924;3160925;coding;Horvu_BARKE_1H01G008900
chr1H;3160931;3160931;coding;Horvu_BARKE_1H01G008900
chr1H;3160944;3160944;coding;Horvu_BARKE_1H01G008900
chr1H;3160949;3160949;coding;Horvu_BARKE_1H01G008900
chr1H;3160952;3160952;coding;Horvu_BARKE_1H01G008900
chr1H;3160957;3160957;coding;Horvu_BARKE_1H01G008900
chr1H;3160963;3160965;coding;Horvu_BARKE_1H01G008900
chr1H;3160980;3160981;coding;Horvu_BARKE_1H01G008900
chr1H;3161013;3161013;coding;Horvu_BARKE_1H01G008900
chr1H;3161018;3161018;coding;Horvu_BARKE_1H01G008900
chr1H;3161047;3161047;coding;Horvu_BARKE_1H01G008900
chr1H;3161060;3161060;coding;Horvu_BARKE_1H01G008900
chr1H;3161064;3161065;coding;Horvu_BARKE_1H01G008900
chr1H;3161070;3161070;coding;Horvu_BARKE_1H01G008900
chr1H;3161076;3161076;coding;Horvu_BARKE_1H01G008900
chr1H;3161093;3161093;coding;Horvu_BARKE_1H01G008900
chr1H;3161100;3161100;coding;Horvu_BARKE_1H01G008900
chr1H;3161166;3161166;coding;Horvu_BARKE_1H01G008900
chr1H;3161182;3161182;coding;Horvu_BARKE_1H01G008900
chr1H;3209731;3209731;coding;Horvu_BARKE_1H01G009200
chr1H;3209834;3209834;coding;Horvu_BARKE_1H01G009200
chr1H;3209880;3209880;coding;Horvu_BARKE_1H01G009200
chr1H;3209886;3209886;coding;Horvu_BARKE_1H01G009200
chr1H;3210177;3210177;coding;Horvu_BARKE_1H01G009200
chr1H;3210206;3210206;coding;Horvu_BARKE_1H01G009200
chr1H;3210295;3210295;coding;Horvu_BARKE_1H01G009200
chr1H;3210318;3210318;coding;Horvu_BARKE_1H01G009200
chr1H;3210407;3210407;coding;Horvu_BARKE_1H01G009200
chr1H;3210411;3210411;coding;Horvu_BARKE_1H01G009200
chr1H;3210517;3210517;coding;Horvu_BARKE_1H01G009200
chr1H;3210562;3210562;coding;Horvu_BARKE_1H01G009200
chr1H;3210568;3210568;coding;Horvu_BARKE_1H01G009200
chr1H;3210571;3210571;coding;Horvu_BARKE_1H01G009200
chr1H;3210607;3210607;coding;Horvu_BARKE_1H01G009200
chr1H;3210674;3210674;coding;Horvu_BARKE_1H01G009200
chr1H;3210712;3210712;coding;Horvu_BARKE_1H01G009200
chr1H;3210846;3210846;coding;Horvu_BARKE_1H01G009200
chr1H;3210928;3210928;coding;Horvu_BARKE_1H01G009200
chr1H;3210969;3210969;coding;Horvu_BARKE_1H01G009200
chr1H;3211025;3211025;coding;Horvu_BARKE_1H01G009200
chr1H;3211026;3211026;coding;Horvu_BARKE_1H01G009200
chr1H;3211049;3211049;coding;Horvu_BARKE_1H01G009200
chr1H;3211109;3211112;coding;Horvu_BARKE_1H01G009200
chr1H;3211332;3211332;coding;Horvu_BARKE_1H01G009200
chr1H;3211998;3211998;coding;Horvu_BARKE_1H01G009200
chr1H;3212635;3212635;coding;Horvu_BARKE_1H01G009200
chr1H;3212643;3212643;coding;Horvu_BARKE_1H01G009200
chr1H;3213037;3213037;coding;Horvu_BARKE_1H01G009200
chr1H;3213207;3213207;coding;Horvu_BARKE_1H01G009200
chr1H;3213279;3213279;coding;Horvu_BARKE_1H01G009200
chr1H;3213333;3213333;coding;Horvu_BARKE_1H01G009200
chr1H;3213336;3213336;coding;Horvu_BARKE_1H01G009200
chr1H;3213413;3213413;coding;Horvu_BARKE_1H01G009200
chr1H;3213526;3213526;coding;Horvu_BARKE_1H01G009200
chr1H;3213593;3213593;coding;Horvu_BARKE_1H01G009200
chr1H;3213607;3213607;coding;Horvu_BARKE_1H01G009200
chr1H;3355343;3355343;coding;Horvu_BARKE_1H01G009400
chr1H;3355481;3355481;coding;Horvu_BARKE_1H01G009400
chr1H;3368412;3368412;coding;Horvu_BARKE_1H01G009500
chr1H;3368439;3368439;coding;Horvu_BARKE_1H01G009500
chr1H;3368491;3368492;coding;Horvu_BARKE_1H01G009500
chr1H;3368498;3368499;coding;Horvu_BARKE_1H01G009500
chr1H;3368518;3368518;coding;Horvu_BARKE_1H01G009500
chr1H;3368576;3368576;coding;Horvu_BARKE_1H01G009500
chr1H;3368598;3368598;coding;Horvu_BARKE_1H01G009500
chr1H;3368604;3368604;coding;Horvu_BARKE_1H01G009500
chr1H;3368650;3368650;coding;Horvu_BARKE_1H01G009500
chr1H;3368672;3368672;coding;Horvu_BARKE_1H01G009500
chr1H;3368751;3368751;coding;Horvu_BARKE_1H01G009500
chr1H;3368777;3368777;coding;Horvu_BARKE_1H01G009500
chr1H;3433646;3433646;coding;Horvu_BARKE_1H01G010000
chr1H;3433649;3433649;coding;Horvu_BARKE_1H01G010000
chr1H;3433829;3433829;coding;Horvu_BARKE_1H01G010000
chr1H;3436296;3436296;coding;Horvu_BARKE_1H01G010000
chr1H;3474594;3474594;coding;Horvu_BARKE_1H01G010500
chr1H;3535723;3535723;coding;Horvu_BARKE_1H01G010600
chr1H;3614005;3614005;coding;Horvu_BARKE_1H01G011000
chr1H;3614039;3614039;coding;Horvu_BARKE_1H01G011000
chr1H;3720565;3720565;coding;Horvu_BARKE_1H01G011500
chr1H;3720643;3720643;coding;Horvu_BARKE_1H01G011500
chr1H;3720703;3720703;coding;Horvu_BARKE_1H01G011500
chr1H;3720760;3720760;coding;Horvu_BARKE_1H01G011500
chr1H;3720912;3720912;coding;Horvu_BARKE_1H01G011500
chr1H;3720939;3720939;coding;Horvu_BARKE_1H01G011500
chr1H;3720995;3720995;coding;Horvu_BARKE_1H01G011500
chr1H;3737316;3737316;coding;Horvu_BARKE_1H01G011600
chr1H;3747978;3747978;coding;Horvu_BARKE_1H01G011700
chr1H;3748050;3748050;coding;Horvu_BARKE_1H01G011700
chr1H;3748086;3748086;coding;Horvu_BARKE_1H01G011700
chr1H;3748230;3748230;coding;Horvu_BARKE_1H01G011700
chr1H;3748236;3748236;coding;Horvu_BARKE_1H01G011700
chr1H;3748562;3748562;coding;Horvu_BARKE_1H01G011700
chr1H;3748660;3748660;coding;Horvu_BARKE_1H01G011700
chr1H;3748821;3748821;coding;Horvu_BARKE_1H01G011700
chr1H;4193714;4193714;coding;Horvu_BARKE_1H01G012500
chr1H;4193956;4193956;coding;Horvu_BARKE_1H01G012500
chr1H;4194009;4194009;coding;Horvu_BARKE_1H01G012500
chr1H;4194360;4194360;coding;Horvu_BARKE_1H01G012500
chr1H;4272800;4272800;coding;Horvu_BARKE_1H01G012900
chr1H;4273233;4273233;coding;Horvu_BARKE_1H01G012900
chr1H;4273430;4273430;coding;Horvu_BARKE_1H01G012900
chr1H;4274213;4274213;coding;Horvu_BARKE_1H01G012900
chr1H;4598339;4598339;coding;Horvu_BARKE_1H01G013700
chr1H;4598412;4598412;coding;Horvu_BARKE_1H01G013700
chr1H;4598463;4598463;coding;Horvu_BARKE_1H01G013700
chr1H;4598499;4598499;coding;Horvu_BARKE_1H01G013700
chr1H;4598511;4598511;coding;Horvu_BARKE_1H01G013700
chr1H;4601612;4601612;coding;Horvu_BARKE_1H01G013800
chr1H;4601670;4601670;coding;Horvu_BARKE_1H01G013800
chr1H;4602761;4602761;coding;Horvu_BARKE_1H01G013800
chr1H;4603525;4603525;coding;Horvu_BARKE_1H01G013800
chr1H;4708946;4708946;coding;Horvu_BARKE_1H01G014100
chr1H;4708957;4708957;coding;Horvu_BARKE_1H01G014100
chr1H;4708979;4708979;coding;Horvu_BARKE_1H01G014100
chr1H;4708982;4708982;coding;Horvu_BARKE_1H01G014100
chr1H;4741004;4741004;coding;Horvu_BARKE_1H01G014200
chr1H;4741024;4741024;coding;Horvu_BARKE_1H01G014200
chr1H;4755991;4755991;coding;Horvu_BARKE_1H01G014400
chr1H;4758577;4758577;coding;Horvu_BARKE_1H01G014400
chr1H;5007708;5007708;coding;Horvu_BARKE_1H01G014700
chr1H;5007730;5007730;coding;Horvu_BARKE_1H01G014700
chr1H;5007748;5007748;coding;Horvu_BARKE_1H01G014700
chr1H;5007863;5007863;coding;Horvu_BARKE_1H01G014700
chr1H;5008280;5008280;coding;Horvu_BARKE_1H01G014700
chr1H;5008283;5008283;coding;Horvu_BARKE_1H01G014700
chr1H;5009333;5009333;coding;Horvu_BARKE_1H01G014700
chr1H;5009346;5009346;coding;Horvu_BARKE_1H01G014700
chr1H;5009568;5009568;coding;Horvu_BARKE_1H01G014700
chr1H;5009629;5009629;coding;Horvu_BARKE_1H01G014700
chr1H;5009852;5009852;coding;Horvu_BARKE_1H01G014700
chr1H;5009957;5009957;coding;Horvu_BARKE_1H01G014700
chr1H;5010017;5010017;coding;Horvu_BARKE_1H01G014700
chr1H;5014257;5014257;coding;Horvu_BARKE_1H01G014800
chr1H;5014285;5014285;coding;Horvu_BARKE_1H01G014800
chr1H;5014350;5014350;coding;Horvu_BARKE_1H01G014800
chr1H;5014420;5014420;coding;Horvu_BARKE_1H01G014800
chr1H;5014575;5014575;coding;Horvu_BARKE_1H01G014800
chr1H;5014598;5014599;coding;Horvu_BARKE_1H01G014800
chr1H;5014673;5014673;coding;Horvu_BARKE_1H01G014800
chr1H;5014694;5014694;coding;Horvu_BARKE_1H01G014800
chr1H;5014806;5014806;coding;Horvu_BARKE_1H01G014800
chr1H;5015176;5015176;coding;Horvu_BARKE_1H01G014800
chr1H;5015201;5015201;coding;Horvu_BARKE_1H01G014800
chr1H;5015502;5015502;coding;Horvu_BARKE_1H01G014800
chr1H;5015738;5015738;coding;Horvu_BARKE_1H01G014800
chr1H;5029405;5029405;coding;Horvu_BARKE_1H01G014900
chr1H;5030022;5030022;coding;Horvu_BARKE_1H01G014900
chr1H;5050469;5050469;coding;Horvu_BARKE_1H01G015100
chr1H;5050476;5050476;coding;Horvu_BARKE_1H01G015100
chr1H;5050499;5050499;coding;Horvu_BARKE_1H01G015100
chr1H;5050505;5050505;coding;Horvu_BARKE_1H01G015100
chr1H;5050519;5050519;coding;Horvu_BARKE_1H01G015100
chr1H;5050651;5050651;coding;Horvu_BARKE_1H01G015100
chr1H;5062030;5062030;coding;Horvu_BARKE_1H01G015200
chr1H;5062075;5062075;coding;Horvu_BARKE_1H01G015200
chr1H;5062105;5062105;coding;Horvu_BARKE_1H01G015200
chr1H;5062997;5062997;coding;Horvu_BARKE_1H01G015200
chr1H;5063969;5063969;coding;Horvu_BARKE_1H01G015200
chr1H;5064143;5064143;coding;Horvu_BARKE_1H01G015200
chr1H;5096000;5096000;coding;Horvu_BARKE_1H01G015500
chr1H;5096021;5096021;coding;Horvu_BARKE_1H01G015500
chr1H;5096116;5096116;coding;Horvu_BARKE_1H01G015500
chr1H;5096178;5096178;coding;Horvu_BARKE_1H01G015500
chr1H;5096197;5096197;coding;Horvu_BARKE_1H01G015500
chr1H;5096200;5096200;coding;Horvu_BARKE_1H01G015500
chr1H;5096422;5096422;coding;Horvu_BARKE_1H01G015500
chr1H;5096473;5096473;coding;Horvu_BARKE_1H01G015500
chr1H;5096485;5096485;coding;Horvu_BARKE_1H01G015500
chr1H;5096974;5096974;coding;Horvu_BARKE_1H01G015500
chr1H;5096986;5096986;coding;Horvu_BARKE_1H01G015500
chr1H;5097019;5097019;coding;Horvu_BARKE_1H01G015500
chr1H;5097028;5097028;coding;Horvu_BARKE_1H01G015500
chr1H;5097031;5097031;coding;Horvu_BARKE_1H01G015500
chr1H;5097085;5097085;coding;Horvu_BARKE_1H01G015500
chr1H;5097189;5097189;coding;Horvu_BARKE_1H01G015500
chr1H;5104214;5104215;coding;Horvu_BARKE_1H01G015600
chr1H;5104918;5104918;coding;Horvu_BARKE_1H01G015600
chr1H;5159483;5159483;coding;Horvu_BARKE_1H01G015800
chr1H;5206864;5206864;coding;Horvu_BARKE_1H01G015900
chr1H;5206915;5206915;coding;Horvu_BARKE_1H01G015900
chr1H;5206920;5206920;coding;Horvu_BARKE_1H01G015900
chr1H;5206948;5206948;coding;Horvu_BARKE_1H01G015900
chr1H;5207161;5207162;coding;Horvu_BARKE_1H01G015900
chr1H;5207227;5207227;coding;Horvu_BARKE_1H01G015900
chr1H;5207267;5207267;coding;Horvu_BARKE_1H01G015900
chr1H;5207272;5207272;coding;Horvu_BARKE_1H01G015900
chr1H;5207304;5207304;coding;Horvu_BARKE_1H01G015900
chr1H;5207575;5207575;coding;Horvu_BARKE_1H01G015900
chr1H;5229588;5229588;coding;Horvu_BARKE_1H01G016100
chr1H;5230263;5230264;coding;Horvu_BARKE_1H01G016100
chr1H;5231682;5231682;coding;Horvu_BARKE_1H01G016100
chr1H;5257355;5257355;coding;Horvu_BARKE_1H01G016400
chr1H;5257361;5257361;coding;Horvu_BARKE_1H01G016400
chr1H;5257939;5257939;coding;Horvu_BARKE_1H01G016400
chr1H;5258005;5258005;coding;Horvu_BARKE_1H01G016400
chr1H;5258311;5258311;coding;Horvu_BARKE_1H01G016400
chr1H;5258317;5258317;coding;Horvu_BARKE_1H01G016400
chr1H;5258323;5258323;coding;Horvu_BARKE_1H01G016400
chr1H;5258383;5258383;coding;Horvu_BARKE_1H01G016400
chr1H;5263868;5263868;coding;Horvu_BARKE_1H01G016500
chr1H;5263878;5263878;coding;Horvu_BARKE_1H01G016500
chr1H;5264619;5264619;coding;Horvu_BARKE_1H01G016500
chr1H;5264754;5264754;coding;Horvu_BARKE_1H01G016500
chr1H;5264811;5264811;coding;Horvu_BARKE_1H01G016500
chr1H;5264816;5264816;coding;Horvu_BARKE_1H01G016500
chr1H;5264926;5264926;coding;Horvu_BARKE_1H01G016500
chr1H;5264952;5264952;coding;Horvu_BARKE_1H01G016500
chr1H;5265069;5265069;coding;Horvu_BARKE_1H01G016500
chr1H;5265105;5265105;coding;Horvu_BARKE_1H01G016500
chr1H;5265150;5265150;coding;Horvu_BARKE_1H01G016500
chr1H;5424387;5424387;coding;Horvu_BARKE_1H01G016700
chr1H;5424390;5424390;coding;Horvu_BARKE_1H01G016700
chr1H;5424832;5424832;coding;Horvu_BARKE_1H01G016800
chr1H;5424869;5424870;coding;Horvu_BARKE_1H01G016800
chr1H;5424884;5424884;coding;Horvu_BARKE_1H01G016800
chr1H;5424905;5424905;coding;Horvu_BARKE_1H01G016800
chr1H;5424923;5424923;coding;Horvu_BARKE_1H01G016800
chr1H;5425022;5425022;coding;Horvu_BARKE_1H01G016800
chr1H;5425136;5425136;coding;Horvu_BARKE_1H01G016800
chr1H;5425146;5425148;coding;Horvu_BARKE_1H01G016800
chr1H;5425210;5425211;coding;Horvu_BARKE_1H01G016800
chr1H;5425231;5425231;coding;Horvu_BARKE_1H01G016800
chr1H;5425243;5425243;coding;Horvu_BARKE_1H01G016800
chr1H;5425263;5425263;coding;Horvu_BARKE_1H01G016800
chr1H;5425280;5425280;coding;Horvu_BARKE_1H01G016800
chr1H;5425341;5425341;coding;Horvu_BARKE_1H01G016800
chr1H;5433903;5433903;coding;Horvu_BARKE_1H01G017000
chr1H;5434060;5434060;coding;Horvu_BARKE_1H01G017000
chr1H;5434098;5434098;coding;Horvu_BARKE_1H01G017000
chr1H;5434255;5434255;coding;Horvu_BARKE_1H01G017000
chr1H;5434266;5434266;coding;Horvu_BARKE_1H01G017000
chr1H;5434270;5434270;coding;Horvu_BARKE_1H01G017000
chr1H;5434281;5434281;coding;Horvu_BARKE_1H01G017000
chr1H;5437318;5437318;coding;Horvu_BARKE_1H01G017100
chr1H;5439480;5439480;coding;Horvu_BARKE_1H01G017100
chr1H;5440738;5440738;coding;Horvu_BARKE_1H01G017100
chr1H;5440804;5440804;coding;Horvu_BARKE_1H01G017100
chr1H;5441794;5441794;coding;Horvu_BARKE_1H01G017100
chr1H;5476306;5476306;coding;Horvu_BARKE_1H01G017300
chr1H;5476334;5476334;coding;Horvu_BARKE_1H01G017300
chr1H;5476373;5476373;coding;Horvu_BARKE_1H01G017300
chr1H;5478399;5478399;coding;Horvu_BARKE_1H01G017300
chr1H;5539883;5539883;coding;Horvu_BARKE_1H01G017400
chr1H;5569233;5569233;coding;Horvu_BARKE_1H01G017500
chr1H;5569787;5569787;coding;Horvu_BARKE_1H01G017500
chr1H;5570043;5570043;coding;Horvu_BARKE_1H01G017500
chr1H;5570154;5570154;coding;Horvu_BARKE_1H01G017500
chr1H;5570192;5570192;coding;Horvu_BARKE_1H01G017500
chr1H;5570818;5570818;coding;Horvu_BARKE_1H01G017500
chr1H;5570901;5570901;coding;Horvu_BARKE_1H01G017500
chr1H;5571144;5571144;coding;Horvu_BARKE_1H01G017500
chr1H;5571176;5571178;coding;Horvu_BARKE_1H01G017500
chr1H;5571205;5571205;coding;Horvu_BARKE_1H01G017500
chr1H;5571248;5571248;coding;Horvu_BARKE_1H01G017500
chr1H;5707917;5707917;coding;Horvu_BARKE_1H01G017800
chr1H;5708024;5708024;coding;Horvu_BARKE_1H01G017800
chr1H;5708067;5708067;coding;Horvu_BARKE_1H01G017800
chr1H;5708149;5708149;coding;Horvu_BARKE_1H01G017800
chr1H;5708160;5708160;coding;Horvu_BARKE_1H01G017800
chr1H;5708302;5708302;coding;Horvu_BARKE_1H01G017800
chr1H;5708380;5708380;coding;Horvu_BARKE_1H01G017800
chr1H;5708383;5708383;coding;Horvu_BARKE_1H01G017800
chr1H;5708409;5708409;coding;Horvu_BARKE_1H01G017800
chr1H;5708437;5708437;coding;Horvu_BARKE_1H01G017800
chr1H;5708444;5708444;coding;Horvu_BARKE_1H01G017800
chr1H;5708452;5708452;coding;Horvu_BARKE_1H01G017800
chr1H;5708519;5708519;coding;Horvu_BARKE_1H01G017800
chr1H;5714718;5714718;coding;Horvu_BARKE_1H01G017900
chr1H;5714777;5714777;coding;Horvu_BARKE_1H01G017900
chr1H;5714824;5714824;coding;Horvu_BARKE_1H01G017900
chr1H;5714851;5714851;coding;Horvu_BARKE_1H01G017900
chr1H;5715228;5715228;coding;Horvu_BARKE_1H01G017900
chr1H;5715237;5715237;coding;Horvu_BARKE_1H01G017900
chr1H;5715250;5715250;coding;Horvu_BARKE_1H01G017900
chr1H;5715252;5715252;coding;Horvu_BARKE_1H01G017900
chr1H;5715362;5715362;coding;Horvu_BARKE_1H01G017900
chr1H;5715381;5715381;coding;Horvu_BARKE_1H01G017900
chr1H;5715384;5715384;coding;Horvu_BARKE_1H01G017900
chr1H;5715396;5715396;coding;Horvu_BARKE_1H01G017900
chr1H;5715401;5715401;coding;Horvu_BARKE_1H01G017900
chr1H;5715414;5715414;coding;Horvu_BARKE_1H01G017900
chr1H;5715424;5715424;coding;Horvu_BARKE_1H01G017900
chr1H;5715520;5715520;coding;Horvu_BARKE_1H01G017900
chr1H;5715535;5715535;coding;Horvu_BARKE_1H01G017900
chr1H;5715547;5715548;coding;Horvu_BARKE_1H01G017900
chr1H;5715577;5715577;coding;Horvu_BARKE_1H01G017900
chr1H;5715579;5715579;coding;Horvu_BARKE_1H01G017900
chr1H;5715589;5715589;coding;Horvu_BARKE_1H01G017900
chr1H;5715595;5715595;coding;Horvu_BARKE_1H01G017900
chr1H;5715622;5715622;coding;Horvu_BARKE_1H01G017900
chr1H;5715625;5715625;coding;Horvu_BARKE_1H01G017900
chr1H;5715630;5715631;coding;Horvu_BARKE_1H01G017900
chr1H;5764753;5764753;coding;Horvu_BARKE_1H01G018000
chr1H;5764866;5764866;coding;Horvu_BARKE_1H01G018000
chr1H;5764870;5764870;coding;Horvu_BARKE_1H01G018000
chr1H;5764878;5764878;coding;Horvu_BARKE_1H01G018000
chr1H;5764960;5764960;coding;Horvu_BARKE_1H01G018000
chr1H;5764999;5764999;coding;Horvu_BARKE_1H01G018000
chr1H;5766006;5766006;coding;Horvu_BARKE_1H01G018000
chr1H;5766031;5766031;coding;Horvu_BARKE_1H01G018000
chr1H;5766048;5766048;coding;Horvu_BARKE_1H01G018000
chr1H;5770538;5770538;coding;Horvu_BARKE_1H01G018100
chr1H;5770625;5770625;coding;Horvu_BARKE_1H01G018100
chr1H;5780664;5780664;coding;Horvu_BARKE_1H01G018200
chr1H;5780724;5780724;coding;Horvu_BARKE_1H01G018200
chr1H;5789403;5789403;coding;Horvu_BARKE_1H01G018300
chr1H;5789412;5789412;coding;Horvu_BARKE_1H01G018300
chr1H;5789415;5789415;coding;Horvu_BARKE_1H01G018300
chr1H;5789437;5789438;coding;Horvu_BARKE_1H01G018300
chr1H;5789459;5789459;coding;Horvu_BARKE_1H01G018300
chr1H;5789465;5789465;coding;Horvu_BARKE_1H01G018300
chr1H;5789491;5789491;coding;Horvu_BARKE_1H01G018300
chr1H;5789522;5789522;coding;Horvu_BARKE_1H01G018300
chr1H;5789547;5789547;coding;Horvu_BARKE_1H01G018300
chr1H;5789559;5789559;coding;Horvu_BARKE_1H01G018300
chr1H;5789586;5789586;coding;Horvu_BARKE_1H01G018300
chr1H;5789600;5789600;coding;Horvu_BARKE_1H01G018300
chr1H;5789606;5789606;coding;Horvu_BARKE_1H01G018300
chr1H;5789621;5789621;coding;Horvu_BARKE_1H01G018300
chr1H;5789631;5789631;coding;Horvu_BARKE_1H01G018300
chr1H;5789636;5789636;coding;Horvu_BARKE_1H01G018300
chr1H;5789689;5789689;coding;Horvu_BARKE_1H01G018300
chr1H;5789705;5789705;coding;Horvu_BARKE_1H01G018300
chr1H;5789734;5789734;coding;Horvu_BARKE_1H01G018300
chr1H;5789744;5789744;coding;Horvu_BARKE_1H01G018300
chr1H;5800810;5800810;coding;Horvu_BARKE_1H01G018400
chr1H;5800817;5800817;coding;Horvu_BARKE_1H01G018400
chr1H;5800826;5800826;coding;Horvu_BARKE_1H01G018400
chr1H;5800837;5800837;coding;Horvu_BARKE_1H01G018400
chr1H;5800843;5800843;coding;Horvu_BARKE_1H01G018400
chr1H;5800900;5800900;coding;Horvu_BARKE_1H01G018400
chr1H;5800963;5800963;coding;Horvu_BARKE_1H01G018400
chr1H;5800984;5800984;coding;Horvu_BARKE_1H01G018400
chr1H;5801014;5801014;coding;Horvu_BARKE_1H01G018400
chr1H;5801018;5801018;coding;Horvu_BARKE_1H01G018400
chr1H;5801020;5801020;coding;Horvu_BARKE_1H01G018400
chr1H;5801026;5801026;coding;Horvu_BARKE_1H01G018400
chr1H;5801042;5801042;coding;Horvu_BARKE_1H01G018400
chr1H;5801645;5801645;coding;Horvu_BARKE_1H01G018400
chr1H;5801707;5801707;coding;Horvu_BARKE_1H01G018400
chr1H;5801782;5801782;coding;Horvu_BARKE_1H01G018400
chr1H;5801850;5801850;coding;Horvu_BARKE_1H01G018400
chr1H;5801955;5801955;coding;Horvu_BARKE_1H01G018400
chr1H;5801958;5801958;coding;Horvu_BARKE_1H01G018400
chr1H;5802028;5802029;coding;Horvu_BARKE_1H01G018400
chr1H;5802033;5802033;coding;Horvu_BARKE_1H01G018400
chr1H;5802050;5802050;coding;Horvu_BARKE_1H01G018400
chr1H;5802085;5802085;coding;Horvu_BARKE_1H01G018400
chr1H;5802106;5802106;coding;Horvu_BARKE_1H01G018400
chr1H;5802121;5802121;coding;Horvu_BARKE_1H01G018400
chr1H;5802160;5802160;coding;Horvu_BARKE_1H01G018400
chr1H;5802290;5802290;coding;Horvu_BARKE_1H01G018400
chr1H;5802327;5802327;coding;Horvu_BARKE_1H01G018400
chr1H;5802334;5802334;coding;Horvu_BARKE_1H01G018400
chr1H;5802365;5802365;coding;Horvu_BARKE_1H01G018400
chr1H;5802370;5802370;coding;Horvu_BARKE_1H01G018400
chr1H;5802377;5802377;coding;Horvu_BARKE_1H01G018400
chr1H;5802393;5802394;coding;Horvu_BARKE_1H01G018400
chr1H;5802410;5802410;coding;Horvu_BARKE_1H01G018400
chr1H;5802428;5802428;coding;Horvu_BARKE_1H01G018400
chr1H;5802458;5802458;coding;Horvu_BARKE_1H01G018400
chr1H;5802477;5802477;coding;Horvu_BARKE_1H01G018400
chr1H;5802479;5802479;coding;Horvu_BARKE_1H01G018400
chr1H;5802492;5802492;coding;Horvu_BARKE_1H01G018400
chr1H;5802507;5802507;coding;Horvu_BARKE_1H01G018400
chr1H;5802521;5802521;coding;Horvu_BARKE_1H01G018400
chr1H;5802724;5802724;coding;Horvu_BARKE_1H01G018400
chr1H;5802774;5802774;coding;Horvu_BARKE_1H01G018400
chr1H;5802856;5802856;coding;Horvu_BARKE_1H01G018400
chr1H;5802890;5802890;coding;Horvu_BARKE_1H01G018400
chr1H;5802957;5802957;coding;Horvu_BARKE_1H01G018400
chr1H;5802980;5802980;coding;Horvu_BARKE_1H01G018400
chr1H;5802986;5802986;coding;Horvu_BARKE_1H01G018400
chr1H;5802995;5802996;coding;Horvu_BARKE_1H01G018400
chr1H;5803002;5803002;coding;Horvu_BARKE_1H01G018400
chr1H;5803011;5803011;coding;Horvu_BARKE_1H01G018400
chr1H;5803013;5803013;coding;Horvu_BARKE_1H01G018400
chr1H;5803018;5803019;coding;Horvu_BARKE_1H01G018400
chr1H;5803037;5803037;coding;Horvu_BARKE_1H01G018400
chr1H;5803042;5803042;coding;Horvu_BARKE_1H01G018400
chr1H;5803073;5803073;coding;Horvu_BARKE_1H01G018400
chr1H;5803079;5803083;coding;Horvu_BARKE_1H01G018400
chr1H;5803096;5803096;coding;Horvu_BARKE_1H01G018400
chr1H;5803108;5803108;coding;Horvu_BARKE_1H01G018400
chr1H;5803112;5803112;coding;Horvu_BARKE_1H01G018400
chr1H;5803123;5803123;coding;Horvu_BARKE_1H01G018400
chr1H;5803151;5803152;coding;Horvu_BARKE_1H01G018400
chr1H;5803209;5803209;coding;Horvu_BARKE_1H01G018400
chr1H;5803252;5803252;coding;Horvu_BARKE_1H01G018400
chr1H;5803261;5803261;coding;Horvu_BARKE_1H01G018400
chr1H;5803314;5803314;coding;Horvu_BARKE_1H01G018400
chr1H;5803336;5803336;coding;Horvu_BARKE_1H01G018400
chr1H;5803339;5803339;coding;Horvu_BARKE_1H01G018400
chr1H;5803349;5803349;coding;Horvu_BARKE_1H01G018400
chr1H;5803352;5803352;coding;Horvu_BARKE_1H01G018400
chr1H;5803357;5803357;coding;Horvu_BARKE_1H01G018400
chr1H;5809879;5809879;coding;Horvu_BARKE_1H01G018500
chr1H;5809882;5809882;coding;Horvu_BARKE_1H01G018500
chr1H;5809939;5809939;coding;Horvu_BARKE_1H01G018500
chr1H;5810185;5810185;coding;Horvu_BARKE_1H01G018500
chr1H;5810314;5810314;coding;Horvu_BARKE_1H01G018500
chr1H;5810323;5810323;coding;Horvu_BARKE_1H01G018500
chr1H;5810326;5810326;coding;Horvu_BARKE_1H01G018500
chr1H;5810341;5810341;coding;Horvu_BARKE_1H01G018500
chr1H;5810347;5810347;coding;Horvu_BARKE_1H01G018500
chr1H;5810362;5810362;coding;Horvu_BARKE_1H01G018500
chr1H;5810381;5810381;coding;Horvu_BARKE_1H01G018500
chr1H;5810383;5810383;coding;Horvu_BARKE_1H01G018500
chr1H;5810401;5810401;coding;Horvu_BARKE_1H01G018500
chr1H;5810407;5810407;coding;Horvu_BARKE_1H01G018500
chr1H;5810419;5810419;coding;Horvu_BARKE_1H01G018500
chr1H;5810448;5810448;coding;Horvu_BARKE_1H01G018500
chr1H;5810475;5810475;coding;Horvu_BARKE_1H01G018500
chr1H;5810484;5810484;coding;Horvu_BARKE_1H01G018500
chr1H;5810536;5810536;coding;Horvu_BARKE_1H01G018500
chr1H;5810547;5810547;coding;Horvu_BARKE_1H01G018500
chr1H;5810577;5810577;coding;Horvu_BARKE_1H01G018500
chr1H;5810580;5810580;coding;Horvu_BARKE_1H01G018500
chr1H;5810689;5810689;coding;Horvu_BARKE_1H01G018500
chr1H;5810691;5810691;coding;Horvu_BARKE_1H01G018500
chr1H;5810714;5810714;coding;Horvu_BARKE_1H01G018500
chr1H;5810722;5810722;coding;Horvu_BARKE_1H01G018500
chr1H;5810725;5810725;coding;Horvu_BARKE_1H01G018500
chr1H;5810731;5810731;coding;Horvu_BARKE_1H01G018500
chr1H;5810743;5810743;coding;Horvu_BARKE_1H01G018500
chr1H;5810745;5810745;coding;Horvu_BARKE_1H01G018500
chr1H;5810824;5810824;coding;Horvu_BARKE_1H01G018500
chr1H;5811716;5811717;coding;Horvu_BARKE_1H01G018500
chr1H;5811738;5811739;coding;Horvu_BARKE_1H01G018500
chr1H;5811752;5811752;coding;Horvu_BARKE_1H01G018500
chr1H;5811759;5811759;coding;Horvu_BARKE_1H01G018500
chr1H;5811803;5811803;coding;Horvu_BARKE_1H01G018500
chr1H;5811810;5811810;coding;Horvu_BARKE_1H01G018500
chr1H;5811814;5811814;coding;Horvu_BARKE_1H01G018500
chr1H;5811819;5811819;coding;Horvu_BARKE_1H01G018500
chr1H;5811828;5811828;coding;Horvu_BARKE_1H01G018500
chr1H;5811830;5811830;coding;Horvu_BARKE_1H01G018500
chr1H;5811835;5811835;coding;Horvu_BARKE_1H01G018500
chr1H;5811838;5811838;coding;Horvu_BARKE_1H01G018500
chr1H;5811859;5811859;coding;Horvu_BARKE_1H01G018500
chr1H;5811868;5811869;coding;Horvu_BARKE_1H01G018500
chr1H;5811870;5811870;coding;Horvu_BARKE_1H01G018500
chr1H;5811880;5811881;coding;Horvu_BARKE_1H01G018500
chr1H;5811886;5811888;coding;Horvu_BARKE_1H01G018500
chr1H;5811916;5811916;coding;Horvu_BARKE_1H01G018500
chr1H;5811923;5811923;coding;Horvu_BARKE_1H01G018500
chr1H;5811995;5811997;coding;Horvu_BARKE_1H01G018500
chr1H;5811999;5811999;coding;Horvu_BARKE_1H01G018500
chr1H;5812004;5812004;coding;Horvu_BARKE_1H01G018500
chr1H;5812027;5812027;coding;Horvu_BARKE_1H01G018500
chr1H;5812056;5812056;coding;Horvu_BARKE_1H01G018500
chr1H;5812062;5812062;coding;Horvu_BARKE_1H01G018500
chr1H;5812064;5812065;coding;Horvu_BARKE_1H01G018500
chr1H;5812074;5812074;coding;Horvu_BARKE_1H01G018500
chr1H;5812085;5812085;coding;Horvu_BARKE_1H01G018500
chr1H;5812114;5812114;coding;Horvu_BARKE_1H01G018500
chr1H;5812145;5812145;coding;Horvu_BARKE_1H01G018500
chr1H;5812155;5812155;coding;Horvu_BARKE_1H01G018500
chr1H;5812184;5812185;coding;Horvu_BARKE_1H01G018500
chr1H;5812195;5812195;coding;Horvu_BARKE_1H01G018500
chr1H;5812359;5812359;coding;Horvu_BARKE_1H01G018500
chr1H;5812364;5812364;coding;Horvu_BARKE_1H01G018500
chr1H;5812411;5812411;coding;Horvu_BARKE_1H01G018500
chr1H;5813000;5813001;coding;Horvu_BARKE_1H01G018600
chr1H;5813048;5813048;coding;Horvu_BARKE_1H01G018600
chr1H;5813086;5813086;coding;Horvu_BARKE_1H01G018600
chr1H;5813095;5813096;coding;Horvu_BARKE_1H01G018600
chr1H;5813137;5813137;coding;Horvu_BARKE_1H01G018600
chr1H;5813170;5813170;coding;Horvu_BARKE_1H01G018600
chr1H;5813175;5813176;coding;Horvu_BARKE_1H01G018600
chr1H;5813178;5813178;coding;Horvu_BARKE_1H01G018600
chr1H;5813183;5813183;coding;Horvu_BARKE_1H01G018600
chr1H;5813187;5813187;coding;Horvu_BARKE_1H01G018600
chr1H;5813233;5813233;coding;Horvu_BARKE_1H01G018600
chr1H;5813250;5813250;coding;Horvu_BARKE_1H01G018600
chr1H;5813254;5813254;coding;Horvu_BARKE_1H01G018600
chr1H;5813257;5813257;coding;Horvu_BARKE_1H01G018600
chr1H;5813291;5813291;coding;Horvu_BARKE_1H01G018600
chr1H;5813349;5813349;coding;Horvu_BARKE_1H01G018600
chr1H;5813358;5813358;coding;Horvu_BARKE_1H01G018600
chr1H;5813430;5813430;coding;Horvu_BARKE_1H01G018600
chr1H;5813452;5813453;coding;Horvu_BARKE_1H01G018600
chr1H;5813465;5813466;coding;Horvu_BARKE_1H01G018600
chr1H;5813473;5813474;coding;Horvu_BARKE_1H01G018600
chr1H;5813516;5813516;coding;Horvu_BARKE_1H01G018600
chr1H;5813522;5813525;coding;Horvu_BARKE_1H01G018600
chr1H;5813537;5813538;coding;Horvu_BARKE_1H01G018600
chr1H;5813547;5813548;coding;Horvu_BARKE_1H01G018600
chr1H;5813582;5813582;coding;Horvu_BARKE_1H01G018600
chr1H;5813588;5813589;coding;Horvu_BARKE_1H01G018600
chr1H;5813592;5813592;coding;Horvu_BARKE_1H01G018600
chr1H;5813606;5813606;coding;Horvu_BARKE_1H01G018600
chr1H;5813610;5813610;coding;Horvu_BARKE_1H01G018600
chr1H;5813616;5813616;coding;Horvu_BARKE_1H01G018600
chr1H;5813621;5813621;coding;Horvu_BARKE_1H01G018600
chr1H;5813624;5813624;coding;Horvu_BARKE_1H01G018600
chr1H;5813627;5813628;coding;Horvu_BARKE_1H01G018600
chr1H;5813631;5813631;coding;Horvu_BARKE_1H01G018600
chr1H;5813636;5813637;coding;Horvu_BARKE_1H01G018600
chr1H;5813645;5813645;coding;Horvu_BARKE_1H01G018600
chr1H;5813648;5813648;coding;Horvu_BARKE_1H01G018600
chr1H;5813689;5813689;coding;Horvu_BARKE_1H01G018600
chr1H;5813691;5813692;coding;Horvu_BARKE_1H01G018600
chr1H;5813694;5813694;coding;Horvu_BARKE_1H01G018600
chr1H;5813696;5813697;coding;Horvu_BARKE_1H01G018600
chr1H;5813708;5813708;coding;Horvu_BARKE_1H01G018600
chr1H;5813713;5813713;coding;Horvu_BARKE_1H01G018600
chr1H;5813724;5813724;coding;Horvu_BARKE_1H01G018600
chr1H;5813732;5813732;coding;Horvu_BARKE_1H01G018600
chr1H;5813753;5813753;coding;Horvu_BARKE_1H01G018600
chr1H;5816616;5816616;coding;Horvu_BARKE_1H01G018600
chr1H;5816626;5816626;coding;Horvu_BARKE_1H01G018600
chr1H;5816643;5816643;coding;Horvu_BARKE_1H01G018600
chr1H;5816646;5816646;coding;Horvu_BARKE_1H01G018600
chr1H;5816651;5816651;coding;Horvu_BARKE_1H01G018600
chr1H;5816658;5816658;coding;Horvu_BARKE_1H01G018600
chr1H;5816660;5816660;coding;Horvu_BARKE_1H01G018600
chr1H;5822797;5822797;coding;Horvu_BARKE_1H01G018800
chr1H;5823080;5823080;coding;Horvu_BARKE_1H01G018800
chr1H;5823092;5823092;coding;Horvu_BARKE_1H01G018800
chr1H;5823100;5823100;coding;Horvu_BARKE_1H01G018800
chr1H;5823112;5823112;coding;Horvu_BARKE_1H01G018800
chr1H;5823134;5823134;coding;Horvu_BARKE_1H01G018800
chr1H;5823145;5823145;coding;Horvu_BARKE_1H01G018800
chr1H;5823251;5823251;coding;Horvu_BARKE_1H01G018800
chr1H;5823269;5823269;coding;Horvu_BARKE_1H01G018800
chr1H;5823292;5823293;coding;Horvu_BARKE_1H01G018800
chr1H;5823298;5823298;coding;Horvu_BARKE_1H01G018800
chr1H;5823301;5823302;coding;Horvu_BARKE_1H01G018800
chr1H;5823305;5823305;coding;Horvu_BARKE_1H01G018800
chr1H;5823321;5823321;coding;Horvu_BARKE_1H01G018800
chr1H;5823366;5823366;coding;Horvu_BARKE_1H01G018800
chr1H;5823380;5823381;coding;Horvu_BARKE_1H01G018800
chr1H;5823392;5823392;coding;Horvu_BARKE_1H01G018800
chr1H;5823394;5823394;coding;Horvu_BARKE_1H01G018800
chr1H;5823397;5823397;coding;Horvu_BARKE_1H01G018800
chr1H;5823399;5823400;coding;Horvu_BARKE_1H01G018800
chr1H;5823402;5823403;coding;Horvu_BARKE_1H01G018800
chr1H;5823422;5823422;coding;Horvu_BARKE_1H01G018800
chr1H;5823474;5823474;coding;Horvu_BARKE_1H01G018800
chr1H;5823493;5823493;coding;Horvu_BARKE_1H01G018800
chr1H;5823517;5823517;coding;Horvu_BARKE_1H01G018800
chr1H;5823539;5823539;coding;Horvu_BARKE_1H01G018800
chr1H;5823553;5823553;coding;Horvu_BARKE_1H01G018800
chr1H;5823558;5823558;coding;Horvu_BARKE_1H01G018800
chr1H;5823590;5823590;coding;Horvu_BARKE_1H01G018800
chr1H;5823592;5823592;coding;Horvu_BARKE_1H01G018800
chr1H;5823594;5823594;coding;Horvu_BARKE_1H01G018800
chr1H;5823600;5823601;coding;Horvu_BARKE_1H01G018800
chr1H;5823609;5823609;coding;Horvu_BARKE_1H01G018800
chr1H;5823615;5823616;coding;Horvu_BARKE_1H01G018800
chr1H;5823630;5823630;coding;Horvu_BARKE_1H01G018800
chr1H;5823643;5823643;coding;Horvu_BARKE_1H01G018800
chr1H;5823911;5823911;coding;Horvu_BARKE_1H01G018800
chr1H;5824521;5824521;coding;Horvu_BARKE_1H01G018800
chr1H;5824567;5824567;coding;Horvu_BARKE_1H01G018800
chr1H;5824586;5824586;coding;Horvu_BARKE_1H01G018800
chr1H;5824595;5824595;coding;Horvu_BARKE_1H01G018800
chr1H;5824624;5824624;coding;Horvu_BARKE_1H01G018800
chr1H;5829917;5829917;coding;Horvu_BARKE_1H01G018900
chr1H;5830151;5830151;coding;Horvu_BARKE_1H01G018900
chr1H;5830238;5830238;coding;Horvu_BARKE_1H01G018900
chr1H;5830738;5830738;coding;Horvu_BARKE_1H01G018900
chr1H;5830747;5830747;coding;Horvu_BARKE_1H01G018900
chr1H;5831670;5831670;coding;Horvu_BARKE_1H01G018900
chr1H;5843325;5843325;coding;Horvu_BARKE_1H01G019100
chr1H;5843348;5843348;coding;Horvu_BARKE_1H01G019100
chr1H;5843469;5843469;coding;Horvu_BARKE_1H01G019100
chr1H;5843487;5843487;coding;Horvu_BARKE_1H01G019100
chr1H;5844017;5844017;coding;Horvu_BARKE_1H01G019100
chr1H;5844377;5844377;coding;Horvu_BARKE_1H01G019100
chr1H;5857175;5857175;coding;Horvu_BARKE_1H01G019300
chr1H;5857226;5857226;coding;Horvu_BARKE_1H01G019300
chr1H;5857232;5857232;coding;Horvu_BARKE_1H01G019300
chr1H;5857238;5857238;coding;Horvu_BARKE_1H01G019300
chr1H;5857286;5857286;coding;Horvu_BARKE_1H01G019300
chr1H;5857432;5857432;coding;Horvu_BARKE_1H01G019300
chr1H;5858864;5858864;coding;Horvu_BARKE_1H01G019300
chr1H;5858904;5858904;coding;Horvu_BARKE_1H01G019300
chr1H;5858938;5858938;coding;Horvu_BARKE_1H01G019300
chr1H;5859196;5859196;coding;Horvu_BARKE_1H01G019300
chr1H;5859201;5859201;coding;Horvu_BARKE_1H01G019300
chr1H;5859206;5859206;coding;Horvu_BARKE_1H01G019300
chr1H;5859222;5859222;coding;Horvu_BARKE_1H01G019300
chr1H;5859270;5859270;coding;Horvu_BARKE_1H01G019300
chr1H;5859304;5859304;coding;Horvu_BARKE_1H01G019300
chr1H;5859342;5859342;coding;Horvu_BARKE_1H01G019300
chr1H;5859408;5859409;coding;Horvu_BARKE_1H01G019300
chr1H;5859458;5859458;coding;Horvu_BARKE_1H01G019300
chr1H;5859484;5859484;coding;Horvu_BARKE_1H01G019300
chr1H;5861807;5861807;coding;Horvu_BARKE_1H01G019400
chr1H;5861851;5861851;coding;Horvu_BARKE_1H01G019400
chr1H;5861880;5861880;coding;Horvu_BARKE_1H01G019400
chr1H;5861894;5861895;coding;Horvu_BARKE_1H01G019400
chr1H;5861897;5861897;coding;Horvu_BARKE_1H01G019400
chr1H;5861900;5861900;coding;Horvu_BARKE_1H01G019400
chr1H;5861903;5861903;coding;Horvu_BARKE_1H01G019400
chr1H;5861924;5861924;coding;Horvu_BARKE_1H01G019400
chr1H;5861936;5861936;coding;Horvu_BARKE_1H01G019400
chr1H;5861941;5861941;coding;Horvu_BARKE_1H01G019400
chr1H;5861948;5861948;coding;Horvu_BARKE_1H01G019400
chr1H;5862038;5862038;coding;Horvu_BARKE_1H01G019400
chr1H;5862079;5862080;coding;Horvu_BARKE_1H01G019400
chr1H;5862108;5862108;coding;Horvu_BARKE_1H01G019400
chr1H;5862110;5862110;coding;Horvu_BARKE_1H01G019400
chr1H;5862122;5862122;coding;Horvu_BARKE_1H01G019400
chr1H;5862125;5862125;coding;Horvu_BARKE_1H01G019400
chr1H;5862141;5862141;coding;Horvu_BARKE_1H01G019400
chr1H;5862146;5862146;coding;Horvu_BARKE_1H01G019400
chr1H;5862150;5862150;coding;Horvu_BARKE_1H01G019400
chr1H;5862161;5862161;coding;Horvu_BARKE_1H01G019400
chr1H;5862177;5862177;coding;Horvu_BARKE_1H01G019400
chr1H;5862185;5862185;coding;Horvu_BARKE_1H01G019400
chr1H;5862206;5862206;coding;Horvu_BARKE_1H01G019400
chr1H;5862224;5862224;coding;Horvu_BARKE_1H01G019400
chr1H;5862242;5862242;coding;Horvu_BARKE_1H01G019400
chr1H;5862252;5862252;coding;Horvu_BARKE_1H01G019400
chr1H;5862278;5862278;coding;Horvu_BARKE_1H01G019400
chr1H;5862284;5862284;coding;Horvu_BARKE_1H01G019400
chr1H;5862293;5862293;coding;Horvu_BARKE_1H01G019400
chr1H;5862299;5862299;coding;Horvu_BARKE_1H01G019400
chr1H;5862308;5862308;coding;Horvu_BARKE_1H01G019400
chr1H;5862311;5862311;coding;Horvu_BARKE_1H01G019400
chr1H;5862336;5862336;coding;Horvu_BARKE_1H01G019400
